#aapstorm this election reminds me of 300 dialogue. 'immortals? we put their name to the test',1,1
the joke is on us delhi.free wifi only for 30 minutes&amp; not for private use http://t.co/luhipim034 #aapsweep #aapstorm http://t.co/godfpm2i9r,2,2
"before fielding bedi, bjp should have known that delhi isn't 'safe' for women. #aapsweep #aapstorm #aapkidilli #kiskidilli",2,1
"#aap tsunami wrecks #bjp, congress; others mock at #modi http://t.co/nvk6zu6oxs #aapstorm #aapsweep #aapkidilli #delhidecides",2,2
"with #aapsweep &amp; #aapstorm the new experiment has wings, and rather huge wings. congratulations @arvindkejriwal and all the best!",2,2
"#aapstorm it is said dat mr.shah has presented delhi2bride groom of his son since she is aap supporter(lighter note),@aamaadmiparty @aajtak",2,2
arvind kejriwal's 49th day resignation turned out to be blessing in disguise.. 67 out of 'kin 70 seats.. #aapsweep #aapstorm #delhidecides,2,2
"if you thought that 3jp bhakts will stop ""save this tweet"" kind of remarks, you were wrong. #aapsweep #aapstorm https://t.co/3ww08jdl5u",2,1
. @anisaz9_basit @aapraigad @ndtv probable wrong info. aiadmk sweeped 1991 tamil nadu election with 96.3% score. #aapsweep #aapstorm,1,1
@timesnow #aapstorm. where is nirmala now after spouting venoms on ak?,1,1
the #aapstorm and the vacuum cleaner http://t.co/40amso0az8,1,1
"delhites enjoy ur free water free wifi free electricity,1500000 cctv cameras from 15th onwords #aapsweep #delhidecides #aapstorm #kiskidilli",2,1
"seeing ""corporate labors"" favoring the aam aadmi party. its quite nice. after all stalin &amp; lenin has died &amp; kejriwal is born ! #aapstorm",2,1
#aapstorm: kejriwal now after becoming cm realises he needs bjp &amp; modi at center. how much lies he told before election? watch him ahead...,2,1
any guesses on two people who won't be in the vip enclosure at next year's republic day parade? one is obama.. the other is..#aapstorm,2,1
"yugpurush always follow ""early to bed and early to rise -he surely has very less or no interest in his wife "" #aapstorm",2,2
"#aap has to thank kiran bedi for this...the minute she stood as the bjp candidate, everyone chose aap over #bjp #aapstorm",2,2
#aapstorm in delhi... soon v could smell the change :d #fingerscrossed,2,1
@the__utkarsh @bunlimted hight of positive thinking #aapstorm #aapsweep,2,2
a good supporter is who ask questions from its own party instead of other #mypmnamo #aapsweep #aapstorm,2,2
"#aapsweep #aapstorm #delhidecides @rashtrapatibhvn gifted ""constitution of india"" book to @arvindkejriwal any guess why ??",1,1
#aap win shattered myth of #modi 's invincibility: @aapyogendra http://t.co/lyworqod8e #aapstorm #aapsweep #aapkidilli #delhidecides,2,2
this is politically correct move by #aap first refused support &amp; did exactly the opposite. #aapsweep #aapstorm. http://t.co/h7elc0qgw1.,2,2
@timesofindia then hv to face the consequence #aapstorm,1,1
"to be a winner, all you have to give is all you have. @arvindkejriwal deserves #aapkidilli #aapocalypse #aapsweep #aapstorm",1,1
@economictimes preamble to road shows of dharnas and fasts?! #aapstorm,1,1
rt @aapinnews: delhi polls: arvind kejriwal astutely turned it around - http://t.co/b9wyrwcft2 #aapsweep #aapstorm,2,2
"aap leader manish sisodia thanks delhi voters, conducts a road show in khichripur #aapstorm",1,1
14k real gold #nipple #ring with bezel setting... http://t.co/uzijxgsdkz rt #overstock - http://t.co/m1zwufpijv #aapsweep #yungklasmeytmong,1,1
"fm being labelled deserter to being crowned d cm, wat a comeback! #5saalkejriwal #aapstorm #delhidecides",2,1
delhi chief secy greets ak with a bouquet. ak greets him with aap's manifesto :-) #aapsweep #aapstorm,1,1
many records broken.now break the record of performance.outperform &amp; set an example.#aapstorm,2,1
@bjp4india's internal assessment is more funnier than #aibroast! #5saalkejriwal #aapsweep #aapstorm #feb10witharnab https://t.co/aci8vvu1ie,1,1
so @thekiranbedi can go home &amp; open a new file on @arvindkejriwal's governance! she is fit only for that! #5saalkejriwal #aapsweep #aapstorm,2,2
the never before poll results assert that aap ver 2.0 is released with bug fixes #aapsweep #aapkidilli #aapstorm #aap #arvindkejriwal,1,1
#aapsweep #aapstorm it was a 3 hrs (8 to 11am) horror film for bjp &amp; congress and it was a 3 hrs thriller film for whole country.,2,2
@arvindkejriwal @narendramodi please make encroachments on public places a cognizable offence. its need of the hour!#bjp #aap #aapstorm,1,2
there are more number of fast bowlers in india than there are congress voters in delhi. #aapsweep #aapstorm,2,1
arvind #kejriwal 2.0 gets into action http://t.co/dpv6t9usun #aapsweep #1daytomsg #vdaywith2izza happy hug day #aapstorm modi assam #aap,2,2
#aapsweep #aapstorm we are here to make delhi better @msisodia after aap sweep http://t.co/elqa4xce6l http://t.co/d4fbqrkrii @aapforindia,2,2
"raj thackeray at his best:after udhav, its raj's turn now! #aapsweep #aapstorm http://t.co/h2qijqqkro",2,2
#aapstorm did arnab congratulate any party before? he use to say all these days he won't accept appreciation from parties nor appreciate,1,1
rt @drunkvinodmehta: why aap used only green &amp; white balloons? was there a hidden message? #aapstorm #aapsweep http://t.co/vnwkb57ybi,1,1
#delhidecides:this is definitely our #photooftheday after the #aapstorm yesterday! for more- http://t.co/omiztklncu http://t.co/ajrse5evmy,1,1
only an engg student knows that taking drop of 1 yr can give better results #aapsweep #aapstorm #kejriwal,2,1
@rifatjawaid @timesnow so pm modi is the 1st living god of bjp &amp; its d 1st temple of a living god #aapstorm #aapsweep #delhidecides epic !!,1,2
only engineers know the value of 1 year gap... kejriwal proves. #aapstorm,2,2
"ache din over, dharna din shuru ;-p ;-p #aapsweep #delhidecides #aapstorm #kiskidilli @narendramodi @arvindkejriwal",1,2
which aap volunteer(s) do you want to thank for the 2015 delhi assembly win of aap? http://t.co/9jsg4lgufr #aapsweep #aapkidilli #aapstorm,1,1
@aapyogendra take bow. you are the best of the world. your prediction was the best :-) #aapstorm,2,2
big factor for bjp's defeat is anti bedi group with in the party.they'ven't supported her.it was totally negative voting in delhi #aapstorm,2,1
"@timesnow #aapstorm #feb10witharnab now d actual analysis is out. bjp lost nt bcoz aap won, bt due 2 internal fighting. cong too 4 same",2,2
"delhites have given ""thumbs up"" sign to @arvindkejriwal 's approach of bottom to top ! #aapstorm #aapkidilli",1,1
this defeat for @bjp4india was much much needed. what's a democracy without any objections and opposition? #aapsweep #aapstorm,1,1
bjp to introspect on unexpected defeat: #satishupadhyay http://t.co/77zr3pw5fe #aapstorm #aapsweep #aapkidilli #delhidecides,2,1
@timesnow #aapstorm #feb10witharnab &amp;similar anchors/channels conspired to keep india chaotic so that they are relevant @swapan55 @swamy39,1,2
"the same citizens who had voted for modi in the parliament election, now voted out bjp. never forget the people and the promise #aapstorm",1,2
"#aapstorm. #feb10witharnab now blaming rk puram govt. employees for the bjp defeat, sad such techniques are at place.",2,2
#aapsweep delhi election becoz they promise reduce power price and i can sleep peacefully in ac. #aapstorm #delhidecides z-plus modi,2,1
an incredible man mr kejriwal!! you are a great role model for all of us!!#aapstorm #aap @arvindkejriwal http://t.co/caczzj7f15,2,2
@aamaadmiparty lets make the delhi a better place. #aapsweep #aapstorm http://t.co/kc1nckfnqt,1,2
"#aapstorm #aapsweep if out of 67 mlas of #aap 44 are crorepati and 23 are having criminal cases, how is #kejriwal different?",1,1
hoping @arvindkejriwal will set an example by making delhi an #aadarshstate &amp; development ka inter-state competition ho. #aapsweep #aapstorm,1,1
.sangis r criticising the green color in this ....aapsolute whiner = bjp .....#aapsweep #delhidecides #aapstorm http://t.co/eivcykmnnj,1,1
"@timesnow #aapstorm #feb10witharnab idk why bjp is so hesitatiing now.""jo delhi ka mood hai wahi desh ka mood hai""mr modi himself said.",1,1
it's not a simple broom but a vacuum cleaner. @arvindkejriwal #aapstorm,1,1
obama was so right. iss desh ka kya hoga. #shameless #aapstorm #aapsweep #chapelhillshooting #bihardrama http://t.co/n7x2vsetgd,2,2
"#fashionpollice pinstripes are not in this summer, use mufflers to beat the heat #aapsweep #aapstorm #theperfectstorm #67/70",1,1
#aapstorm. #feb10witharnab now bjp is complaining about behind the auto campaigns.,2,2
#aapkacm after #aapsweep. comeback man #arvindkejriwal to be sworn as #delhi's 8th cm at #ramlilamaidan. #kejriwalchecksin #aapstorm,1,2
the deadly combo modipmakcm #aapsweep #delhidecides #aapstorm #kiskidilli #modipmakcm,1,1
"finally goi has woken up after #aapstorm #aapsweep . good, better late than never #delhischoolattack @thenewshour",2,2
this is what people of delhi will get..rofl #aapsweep #aapstorm #uturnaap http://t.co/76svidqe1x,1,1
stellar show! now to prove ak67 can be more effective than the ak47. #aapsweep #aapstorm #delhidecides,1,1
valentine gift alluring pink &amp; white valentine ... - http://t.co/dw46dtwfxc #valentinesday #aapstorm #1daytomsg http://t.co/fe0nlreymq,1,2
"""trending india:01:38 pm ist"" 1. #aapsweep 2. #1daytomsg 3. #chapelhillshooting 4. happy hug day 5. #aapstorm 6. #datewithstk",2,1
bjp is taking congress's place. and congress is out the game #aapkidilli #aapstorm #delhidecides,1,1
"lol, you guys will love this #aapsweep #aapstorm #delhidecides http://t.co/l0nx0wvmj5",1,1
zero should be a synonym for congress! :p ;) #aapsweep #aapstorm #aap #delhielections,2,1
raj thackeray takes dig at #modi -shah duo over #aapstorm bringing down bjp! http://t.co/7ga0izktro,1,1
@saaxenanurag i know by the time list grows. acct balance recedes #swissleaks #aapsweep,2,2
rt @aartic02: wat a dayyyyy .. #aapsweep emotional exciting .. full of memories .. #mufflerman is the best one http://t.co/nqfbtndwxo,2,1
did #aap win because of #bjp 's faults or because of its potential? #aapsweep #aapstorm #delhidecides,2,1
"#aapsweep remember rajiv gandhi's opening statement after his massive win in 1984? ""peoples expectations are scarry"". watch out kejriwal.",1,1
simply unbelievable. ... historical ...i wish kejriwal to set grt standards in indian politics with all d honesty and values #aapsweep,2,2
"from feb 15, islamic state of delhi will be headed by caliph @arvindkejriwal and sharia law will be implemented. #unluckydelhi #aapsweep",1,1
what #kejriwal did to #modi is what pm did to #rahulgandhi in general elections 2014: @sardesairajdeep | #aapsweep | http://t.co/ndnfizplfd,2,1
what's common between the smallest prime number and the bjp in delhi? 3. #aapsweep,1,1
if i can worship both buddha and krishna at the same time why can't i like both @arvindkejriwal &amp; @narendramodi ? #aapsweep #kiskidilli,2,1
"landslide win.hip hip hurray.it's a message to all retarded bjp supporters,go hide your face somewhere,conclude,truth always wins #aapsweep",2,2
#aapsweep @aamaadmiparty cd now think of changing symbol from chadoo to vacuum cleaner! :) 67/70,2,2
"in the age of bjp &amp; modi's acche din, aap routing bjp is like bangladesh defeating australia by a margin of over 300 runs :) #aapsweep",1,2
"rt @headlinestoday: congratulations to every aap worker and leader, do well, wish you well: bjp's shazia ilmi #aapsweep",2,2
"@vidyut i am not sure, they would've, as ls election was different from state election. delhi janta is sensible. #aapsweep #aapkidilli",1,2
hope to see new age politics #aapsweep the ball is now in the court of #paanchsaalkejriwal. congrats dilli!,2,2
now bjp in delhi as if aap in center. #aapsweep #fb,1,1
#aapsweep the only person who take #swachhbharatabhiyan seriously is #arvindkejriwal #cleandelhi...,2,2
14k real gold #nipple #ring with bezel setting... http://t.co/uzijxgsdkz rt #overstock - http://t.co/m1zwufpijv #aapsweep #yungklasmeytmong,1,1
it is my suggestion: cm of delhi should be a muslim &amp; deputy cm a sikh. for strong secular message in india. ur suggestion? #aap #aapsweep,1,1
"if @bjp4india doesn't win in delhi, doesn't mean ppl lost faith. one shud understand, bjp didnt lose, it just didn't win #aapsweep",2,2
#aapsweep dangerous bagoda naxilite hugging strange woman. must get them married on 14th feb : vhp @arvindkejriwal http://t.co/nuxpqgmq67,1,2
rt @kumar_ke5hav: aap won badarpur seat by a huge margin. #aapsweep,2,1
"buy trap tithe now - http://t.co/qflyxmox6y , #chapelhillshooting #yungklasmeytmong #replaceamovietitlewithgoat #fenaolmaz #aapsweep #rt",1,1
@manavjivan i have doubt now .. did you vote to modi for 15 lacs ?? balck money will be used for new developing policies #aapsweep .,2,1
rt @diggi840: no news of arrogance by aap people sofa. feeling good. #aapsweep,2,2
5 saal kejriwal. congrats aap and specially delhites for the landslide victory. :-) 67-3 #aapsweep,2,1
@daanirudha that was expected by #congress coz people were fed up of them but never thought #bjp will come down to this #aapsweep,2,1
i simply love my dilli..... #aapsweep #aapstorm http://t.co/yuaxdelj7g,2,2
#aapsweep don't under estimate the power of common man..... @timesnow @aamaadmiparty @ndtv,1,1
"when he left gujarat, modi left rs 21 lakh for the wedding of his personal staff's daughters and that was out of his own savings #aapsweep",1,1
@vishaldadlani some @stanford kids made a song in tribute to #aapsweep. pasand aaya to rt please karna :) http://t.co/r6ruxgd1fr,2,2
#aapsweep:::deeply thinking about horse trading in bihar... http://t.co/l5wjuturs6,1,2
amazing victory that showed that bjp isn't unbeatable well done aap #aapsweep,2,2
meanwhile ajay makan &amp; satish upadhyay spotted returning 50-50 seats they bought from chawla tent house. #aapstorm #aapsweep #aapkidilli,2,1
now elections are over... get on the real issues... where is janlokpal... you can pass the bill this majority if serious to do so. #aapsweep,2,1
"#delhielections people are still confused, it's not referendum neither against modi nor congress but against dirty politics. #aapsweep",1,2
aap may keep out 3 former ministers from new cabinet - economic times: http://t.co/hppeldgfrd #aapsweep -retweet please,2,1
rt @akritareyar: delhi assembly election analysis: bjp's 7 vital mistakes. http://t.co/fytb410aar #aapsweep #modi #amitshah,1,2
"tnm article on #paidmedia missing the #aapsweep completely, misses the obvious point. they are #paidmedia. will work for cong or bjp.",1,1
where are you partying to celebrate the spectacular #aapsweep? #golfbar #shiro #hardrock http://t.co/pirn3dyipx http://t.co/skvihbjwro,1,1
"dear world, india is known as a vibrant democracy because any tom, dick &amp; harry can become pm or cm here. beat us if you can. #aapsweep",2,1
caught in a landslide: top 10 biggest wins in state assembly elections http://t.co/3dnat3wpq4 #aapsweep http://t.co/7kgshqfmty,2,1
"""you have two ears and one mouth. follow that ratio. listen more, talk less."" bjp pay more attention to your surroundings ...#aapsweep",1,1
pm now request his trailor to stop using his name on suit #aapkidilli #aapsweep,1,1
broom's sweep builds delhi's hope! #aapsweep,2,2
tt india 00:44 1.#1daytomsg 2.#aapsweep 3.#chapelhillshooting 4.z-plus 5.valentine's day 6.united 7.van gaal 8.#worldcup 9.whatsapp,1,1
@sardesairajdeep #aapsweep safety of women was a decisive factor in this election &amp; bjp rable rousers modi's silence freaked people out,2,1
rt @indiatoday: live | arvind kejriwal addresses supporters outside party office #aapsweep http://t.co/vwahrdvcvt http://t.co/i7e6t308dx,1,1
"9 months ago modi came into power , result after 9 months kejriwal is in power #aapsweep #kiskidilli",1,1
why #aapsweep happened because they follow gandhi ji not godase like bjp http://t.co/pqil64zztg,1,2
"#aapsweep | @aamaadmiparty shares exclusive, behind the scenes pictures from the party hq. (pics- @twittermirror) http://t.co/q0kzqrtsdu",1,1
now that #aap has won 67 seats delhi assembly can also be called at #kejriwal 's house!!#aapsweep,2,1
"woman gives stranger kidney, now they're engaged: http://t.co/gnv4m7mivs #aapsweep -retweet please",1,2
#aapsweep how does a common man becum a chief minister without becoming a politician? he has 2 b ak either @anilkapoor or @arvindkejriwal,1,1
"&gt;&gt;&gt;&gt;&gt;&gt;&gt; "" we love you aap""..14 feb..celebration &gt;&gt;&gt;&gt;&gt;&gt;&gt;&gt; #aapsweep",1,2
i think aap should troll bjp by saying evm machines in bjp won areas were tampered with. lol. #aapsweep,2,1
"cong 0 bjp 1 akali 2 ( lop ) , aap 67. this is abs jhadu ki safayi. #aapsweep",1,1
kejriwal gets a good opportunity to show other state's cm how to work. best of luck. #aapsweep,2,2
"dude, no. this is serious. ""abki baar it's wagonr!"" #delhidecides #aapsweep",2,2
"@quizderek stooping so low, dont you have better words for the pm. cheap and pervert @bdutt @shekhargupta #aapsweep #aaptards",1,2
aap hs asked media to b their opposition bt media hs taken their job so seriously tht they started it even b4 swearing-in ceremony #aapsweep,2,2
pm campaigning against aap chief acknowledged ak 's power. #aapsweep,2,1
#aapsweep youngsters backfired on modi and voted for younger looking arvind; http://t.co/teylde1pe9,1,1
a moment of silence for all those who thought #abkibarbedisarkar #aapsweep,1,1
#fakefundrow aap has not even forme govt &amp; scams &amp; frauds have already started bosedk @arvindkejriwal.hats off to arnab @timesnow #aapsweep,1,1
#aapsweep delhi has shown we can think beyond religion cast race,2,1
aap got more seats than the size of modi's chest lol #aapsweep,2,1
rt @sudhirtailang: done the cartoon on #aapsweep in #delhi --will post tomorrow morning.,1,1
lmao this is so embarrassing. this is what you get for having raga 2.0 as your cm candidate. #aapsweep,1,2
"very happy to see #aap winning with majority, people of delhi are wise. after all integrity prevails @arvindkejriwal #aapsweep",2,2
#aapsweep @sachin_rt review by- thebeckery always good!... http://t.co/tmswmsuwk3,2,1
"#feb10witharnab mr. sanjay jha ""there are still 25 more election"" to lose under the able guidance of raga #aapsweep",1,1
arvind kejriwal granted exemption from psnl appearance by delhi court in a defamation complaint filed against him by an advocate #aapsweep,2,2
victory of @arvindkejriwal's determination and aim of a corruption free india makes me happy from core of my heart #aapkidelhi #aapsweep,2,2
rt @infomumbai: definition of love &amp; craze :)) #aapsweep #aapkidilli #aapstorm http://t.co/ijobfomj7c,2,2
rt @aektakapoor: @arvindkejriwal has graduated from ak49 to ak67. he even got 67% of delhi out to vote last weekend. #aapsweep #67seats,1,1
congratulation kejirval * pls offer trillion ride at delhi road coz for my bjp mlas to attend assembly now trillion ride delhi #aapsweep,2,1
"brace urself. bijlee, pani and wifi gng to be cheap/free at the cost of subsidy going to be paid by your tax money. #aapsweep #delhidecides",2,2
@mbatious11 finally my man is cm again......#aapsweep #5saalkejriwal #delhidecides #delhielections,2,2
kiran bedi blames shahi imam n his fatwa for her defeat. on a completely unrelated note she also blames shah n jaitley. #aapsweep,2,1
"horrible day for turncoats binny, krishna tirath, @shaziailmi n of course @thekiranbedi.#delhidecides",2,2
whatever my minds says.. i congratulates to our new #chiefminister @arvindkejriwal. #delhidecides #5saalkejriwal #aamaadmikisarkaar #jaiho,2,1
trends of all 70 seats out: aap is leading in 57 of them with bjp at 11 cong at 1 and others at 1 #delhidecides,2,1
#saziailmiissounlucky she could give 'friday the 13th' a complex! #aapsweep #delhidecides #feb10witharnab,1,1
"#delhidecides @aamaadmiparty @msisodia: #delhi wants an honest govt, we have a vision &amp; leadership both #kiskidilli http://t.co/pfmyis5bcf",2,2
what can be more humiliating to bjp than tata nano trending on twitter. #aapsweep #delhidecides,2,1
modi wanted a congress mukht bharat. bedi n shah give him a bjp mukht delhi @thekiranbedi -madamji badhai ho #delhidecides #ndtvresults,2,1
citizens of india /delhi are so intelligent that they always take right decisions at right time.. #delhidecides,2,2
today is the beginning of a new realm in politics! #honest #transparent #app #delhidecides #mufflermanreturns,2,1
kiran bedi proves #ashubh for #bjp . the big mistake of #bjp is to elect #kiranbedi cm representative. #delhidecides,2,2
"shifting to delhi.. bijli, paani, wifi sab free ..lmao xd #aapsweep #delhidecides",2,1
rt @pmishra_news24: #aap supporters outside party office @east patel nagar #delhidecides @news24tvchannel http://t.co/kokihmjd20,2,1
hey this pic-joke is not about #delhi &amp; #kejriwal &amp; 2014's #delhielections &amp; in 2015 #delhidecides &amp; of-course #modi http://t.co/wv3vhw0pe8,1,1
"delhi results proved that no matter which wave it is, the effects are going to be sinusoidal. #delhidecides #delhiresults",2,1
"as a congressmen if you laugh at the potshots taken at us, u r a traitor &amp; if you dont you have hoods on #delhidecides",2,2
rita bahuguna arguing still. amazed at the stubbornness of #congress. nikalo aham ki patti aankon se..#delhidecides,1,2
#aap edging closer to 60 seats in the delhi assembly elections. #aapwinsdelhi #delhielectionresults #delhidecides,1,1
rt @newsflicks: a promise after #aapsweep in #kiskidilli #delhidecides http://t.co/xzcd8g4vyr,1,2
the momentous #aap victory for the second time is killing my work ethics for research. synopsis greys! why this kolaveri di? #delhidecides,2,1
"#delhidecides to say ""hair"" instead of ""here""",1,1
now people are saying modi haar raha hai...they know :) #delhidecides,2,2
not red carpets for presidents but mind the roads and slums or we will sweep you out .@aamaadmiparty .@aapsweep #delhidecides,1,1
congress is paying homage to aryabhatta. #kiskidilli #delhidecides,1,2
"rahul gandhi, from a few moments ago. i think. #delhidecides #rahulgandhi #india http://t.co/jdha7kwest",1,2
seems like arvind kejriwal farted and whole bjp kingdom blew off grin emoticon #delhielections #delhidecides #kiskidilli,2,2
"was a gloomy day . but when i saw delhi poll results ,it gave me great laugh. thanks delhi. #delhidecides",2,2
rt @sagarrajshi: a patriot must be ready to defend his country against his government. #aapsweep #delhidecides,1,2
"when the agenda shifts from development to moronics of sakshi maharaj, this is what happens. well done aap #kiskidilli #delhidecides",2,1
"#delhidecides best wishes to delhiites &amp; @aamaadmiparty towards free power, water and wi-fi at least for next 5 years ......................",2,2
aryabhatt gave zero to the world..but delhites r going to remember the zero of #congress more. #aapsweep #delhidecides #feb10witharnab,2,1
"this summer will be the most dreadful summer for delhites. no electricity, no water, aur wifi ha ha ha ha.... #aapcheater #delhidecides",2,1
my friend tells me that suit is so dear to modiji he cud b wearing it one last time as he watches the results #delhidecides #missiondelhi,2,2
wonderful lead projections! speaks well for start of process for rise of an alt for current pathetic 2 national parties!! #delhidecides,2,2
'a' ap ki 'a' pani 'p' echchan is aam adami. n thats how aap n delhi be known onwards. #aapsweep #delhidecides,1,1
once again @arvindkejriwal for delhi ...#delhidecides #delhielections #delhiresults,1,1
"so #aapkidilli starts - batla house encounter fake, by amanatullah khan! #aapsweep #delhidecides #aapstorm. just dismantle security agencies",1,2
"rt @bharat_hdl: real ""winner"" seems to be congi , who,sensing a total defeat, urged its voters to vote for aap #delhidecides",2,1
historical day for indian democracy. congrats delhi. #aapsweep #delhidecides,2,1
#bjpcongresssaaf #ak49plus #now5saalkejriwal #delhidecides #aapsweptdelhi http://t.co/lqp7nvxf01 @arnabgoswami_tn sir look at this lolzzzz,2,1
yesssssssssss! power hungry opportunist kiran bedi lost #delhidecides,2,1
"#app has not just defeated the #bjp, it has even defeated the exist polls #kiskidilli #delhidecides #aapsweep",2,2
"#kiranbedi loses krishna nagar seat, by 2508 votes http://t.co/vkacgfy4yd #delhidecides #kiskidilli #aapsweep http://t.co/flmhoxgbhm",2,1
"i haven't lost, bjp has lost/ krishnanagar is dirty/ havent paid a penny to be bjp's cm. bedi rocks! #milleniumbloopers #delhidecides",2,1
"thumbs-up aap, a warning for bjp, a death-note for congress.the dance of the world's largest democracy continues #kiskidilli #delhidecides",2,1
at 2:05 pm: #aap wins 41 seats; leads in 26 #aapsweep #delhidecides #kiskidilli,1,1
"i was wondering, why wasn't modi wave reached till nation capital this time. #delhidecides. #kiskidilli. #feb10witharnab.",2,1
delhi joins swach bharat #delhidecides for.clean politics and leadership.,1,1
"now that aap winning, uganda can ask its citizens to come back. #delhidecides",2,1
#delhidecides there is no question of it. this is the govt. we believe will take many levels up what it stands today. delhi should lead this,1,1
"congress should contest more elections! the more their candidates loose deposits, the more income it is to the gov!!#delhidecides #congress",1,1
bhai @upadhyaysbjp ab to moral grounds pe resign kar do..lol #delhidecides #kiskidilli,1,2
rt @sham1m_ansari: its a refreshing change in indian politics with the rise of #aap in delhi. #aapkidilli #delhidecides #aapsweep,2,2
#delhidecides #kiskidilli: i want @arvindkejriwal @aamaadmiparty 2prove me wrong on all i've said against him. only then delhi &amp; india wins!,2,2
and i totally expected rahul gandhi to be on trends.. :) :p #aapkidilli #delhidecides,2,1
delhi has voted for idealism without deciphering the ideology #delhidecides,2,1
so now #delhidecides that mr kejriwal is a good salesman of dreams. can he also become a delivery man!,1,1
indian made future weaponry named ak-67 has arrived! show time begins now!#aapsweep #delhidecides #aap #aapkidilli #aaptards #aaptsunami,2,1
k.k.k.k.k.k. kiran bedi clean bowled. aap wins krishna nagar too! #kiskidilli #delhidecides,2,1
well done @arvindkejriwal and fellow tards #delhidecides http://t.co/w1lomauft9,2,1
"will a single man win or the army of @bjp4india will crush him, time have come, let's see what #delhidecides",2,1
"@5forty3 @mrsgandhi delhi hs chosen ths mayhem.nw will pay for it. aap mla amanatullah says batla encounter fake, probe again. #delhidecides",1,1
facebook heir? time to choose who manages ur acc... http://t.co/jngltmaitv #facebook #aapsweep #blog #delhidecides #update #technology #geek,1,1
"just saw someone holler ""how can this possibly happen???"" not sure if he is congress or bjp or even aap for that matter. #delhidecides",1,1
many surveys showed that only the lower &amp; the middle class people will vote for this party... #aapsweep #delhidecides #arvindkejriwal,1,1
"unprecedented, incredible, so inspirational for the young! . if you have janoon, you can make it. #delhidecides http://t.co/mj74jtnkmh",2,2
clean sweep by #aapsweep. amul cashes on #delhidecides http://t.co/uqtheazjq2,1,1
i hope #aap volunteers show grace. no crackers- @aamaadmiparty - no hooliganism. #kejriwalontvf #kiskidilli #delhidecides,1,2
worst part of it all. now the govt cant even take genuine action against aap funding scam. media &amp; aaptards will cry vendetta. #delhidecides,2,1
the real revolution has started :d :d :d #kiskidilli #delhidecides #delhielections #ndtvresults,2,1
haha...i slept with peace having confidence that aap will sweep by the time i woke up...i was bang on....#delhidecides #kiskidilli .59 seats,2,1
let's see what aap will do differently from the other two big parties in india #aap #bedifails #delhidecides,1,1
congress is more happy about bjp loosing then it getting a zero! #delhidecides,2,2
@abantika_ghosh @indianexpress bt now bjp must move farword in the leadership of #kiranbedi #delhidecides,1,2
rt @vivekshahi0022: this day should be announced as aam aadmi day. #delhidecides #delhishowdown,1,1
read this blog on world cup https://t.co/xm1q1d663o - kejriwal #aapsweep modi #delhidecides congress #1daytomsg #kiskidilli #fakefundrow,1,1
@newsroompostcom @drmingmasherpa modi should keep a distance with the indian mafia that he is so hellbent to serve. #delhidecides is ominous,1,1
delhi assembly (vidhan sabha) election results 2015 http://t.co/j1joz7me4f via @nandishchothani #aapsweep #delhidecides,1,1
kiran bedi if you are still searching the reason of bjp losing.. go n see in mirror. #delhidecides #delhielections,1,2
rt @ankitlal: today #delhidecides! may the honest one win!,2,1
rt @himanshuasolia: #delhidecides so d delhi is going wid d anarchists !!!,1,1
"so it's official now, rahul gandhi will not tear the bill #rahulonleave.",2,1
the best product he can ever produce : ileave #rahulonleave,2,1
#rahulonleave this is not fair.y ppl always target this innocent fellow.every one takes leave.y attacking on him unnecessary.bichara rahul,2,1
#rahulonleave ! maybe he's taking better photoshop classes this time around coz too many people figured out their talent in the hoardings.,1,2
#rahulonleave because he wants to watch the movie #annareturns ;),2,1
"aap mla s are too good, watch and share. http://t.co/kfsofwpxsb #rahulonleave",1,1
"if rahul quits politics, it will be a real 'blow to modi !'. @bdutt @sardesairajdeep @sagarikaghose @ndtv #whereisrahul #rahulonleave",2,2
"rahul wants to live so, #rahulonleave and therefore rahul left...!",2,2
"#annareturns ,#rahulonleave.....playing hide &amp; seek",1,1
#rahulonleave kamalnath n digvijay ivs have ine bottom line as @digvijaya_28 stated. give rahul a chance n free hand.,1,1
#rahulonleave when is #rahulgandhi taking voluntary retirement from indian politics?? would be best for india and indians.,1,1
it is necessary to work before going to holidays #whereisrahul #rahulonleave,1,1
amethi is the real loser in all this...!!#rahulonleave,2,1
rahul has gone to venus to empower it after someone told him women are from venus. stop asking #whereisrahul #rahulonleave . ok.,1,1
"i m wearing full black tomorrow to office, mourning the loss of the little hope i had left for rahul gandhi #whereisrahul #rahulonleave",2,2
rt @swapnesh94: raga on a sabbatical..man that is some news!!should give him ample time to watch chhota bheem and shin chan!! #rahulonleave,2,1
#rahulonleave can somebody tell how much time he needs for introspection.. come on be street smart and face the ground realities...,1,1
@bjp4india &amp; its supporter must not troll #rahulonleave as he is their best campaigner! 1/2,2,2
spring break begins early 4 #raga. wish elected rep of aam admi wud spend some time on what he is meant 2 do in 1st place. #rahulonleave,1,2
the most happiest living beings in india as far as the rahul gandhi as a lead of congress party is ....the bjp #whereisrahul #rahulonleave,2,1
i can understand #rahulonleave . at least he works harder than the self proclaimed holier than thou prophet arvind kejriwal.,2,1
"a #rahulonleave is missing again the 1ly difference is this time it's in #news ,who cares these days as he does anything by living around",1,1
"""interospecting"" in uttarakhand than thailand is way bettr 4 saving grace of image of any politician! #rahulonleave",1,1
@prayag @tehseenp nobody triedd to hide anything. but the rti was spot on #rahulonleave,1,1
@sagarikaghose @bdutt rahul baba come back 2 old ladies missing you! #rahulonleave #rahulgandhi,1,1
rt @kavereeb: http://t.co/psxwncve8f. why #rahulonleave is a grt opportunity for congress to make it permanent. only in @dailyo_,1,2
stuff trending on twitter : #whereisrahul ? #rahulonleave and #annareturns ! #maukamauka !!!,1,1
#rahulonleave will think and find the solution where 3 days of february missing.,1,1
"most of the senior leaders including @digvijaya_28 , kamal nath, chidambaram, amarinder, ms aiyer want rahul to take charge! #rahulonleave",1,2
"#overheardinthenewsroom headline: cong vp #rahulgandhi applies for leave. hushed follow up: ""leave, what from?"" #rahulonleave @ohnewsroom",1,1
"suddenly, people who were/are against gandhis are so much concerned about rg missing parliament session ;-) #rahulonleave #whereisrahul",2,2
rahul could be elevated later this year #rahulonleave #rahulgandhi read http://t.co/iz74vsdzsn http://t.co/qdeirypmxv,1,1
if rahul gandhi performed his duty as vp so well. he should answer why people like manikrao thackre continue as pcc chiefs. ##rahulonleave,1,1
"so today's @indianexpress front page got muted mid-sentence? #rahulonleave ""insider's say he's..."" http://t.co/h7yuzcquos",1,1
@headlinestoday @digvijaya_28 looking today's situation of congress i m worried where wl congrs if he wrkd 2 his style. #rahulonleave,2,2
@modifansclub @bizlidog please understand #rahulonleave urgently required a vipasana kit so renuka went for shopping.,1,2
@witchybitchygal i genuinely think there's something fishy about #rahulonleave and #annareturns trending together! #rahulisanna !,1,2
"#rahulonleave no matter where he go, he'll be there.",2,1
#rahulonleave leave granted for the rest of his life soniaji.,1,1
"@drgarekar instead of sleeping in the parliament, he decided to sleep elsewhere. what is the problem? #rahulonleave",1,1
@thequint #rahulonleave but #whereisrahul ? answerrightoption a:cincinnati b:bangkok c:cambodia luckywinnerwillget a free holiday with him!,1,1
"#rahulonleave poor guy is tired after an exhausting sleep in parliament, aicc meets and ..... let him wake up and go to vegas to his gf",1,2
"@rushdieexplains arre baba #rahulonleave is ""enjoying"" in bangkok &amp;pattaya! let us wish him fun instead of being kabab mein haddi !",1,1
@shivithukral puppet masters hv snipped off the strings since pappoo is not listening to his mummy #rahulonleave read @abdullah_omar tweets,1,2
when indian gdp is on acceleration rahul baba is on vacation #rahulonvacation #rahulonleave,1,1
#rahul gandhi must have gone to his naani's place. #rahulonleave,1,2
leaked insider info ... #rahulgandhi returning to delhi on 1st april #whereisrahul #rahulonleave,1,1
#rahulonleave congress on self destruction path,2,1
"the question is not #whereisrahul, nor is it is #rahulonleave? the question is how did modi know a day in advance? https://t.co/iwoh5r0zmg",1,1
rt @bhateketan: someone who never works wants to go on leave. strange. #rahulonleave,1,2
#annareturns so #rahulonleave now please dont ask #whereisrahul better concentrate on #rssquestionsteresa &amp; give the answer :-p,1,2
"let us wish him a long, long, very long leave. #rahulonleave",1,2
bjp is very anxious coz #rahulonleave and is also trending #whereisrahul coz he has become an asset for them. #wontgivehimback,1,2
#whereisrahul #rahulonleave spotted for preparation of final board exams.... http://t.co/etthz2qt1p,1,1
#rahulonleave #annareturns what is the ratio of employment generation &amp; displaced farmers fishermen aadiwasi and other people,1,1
"with #congress is at lowest ebb, their leader #rahulonleave during #budget2015 session. #whereisrahul #whereisrahulgandhi #rahulgandhi",1,1
"rahul gandhi wants his mother to emulate the role of her mother in law, indira, when sanjay gandhi was around, that's why #rahulonleave",1,1
#whereisrahul #rahulonleave rahul gandhi goes missing as parliament begins its budget session http://t.co/zlzxjlfm3j via @mailonline,1,1
is the crown prince preparing the ground for his abdication ? #rahulonleave,1,1
"""#rahulonleave n will not attend rail budget and general budget #modikabudget #budget2015 @incindia""",2,1
suddenly the #cwc15 got interesting with india registering unexpected big wins against pak and sa... now we know #whereisrahul #rahulonleave,1,2
rahul gandhi could be made congress president as early as april this year. #rahulonleave #rahulgandhi #bestjobever http://t.co/w6faalqho3,2,1
"#rahulgandhi takes 4 weeks of leave. save congress, make it lifetime leave. #rahulonleave",1,1
#rahulonleave ?!? #areyouserious do he even works @rahulkanwal,1,1
"rahul gandhi's ""last seen"" feature is disabled. #rahulonleave",1,1
rahul gandhi embodies the spirit of maya. he is there and he isn't. simultaneously. #whereisrahul #rahulonleave,1,1
rahul roy had a better career than pappu #rahulonleave #whereisrahul #whereisrahulgandhi,1,2
@timesnow @ndtv why all pvt media chhels conducting marathon debates on #rahulonleave what is so great rahul hs done 4 cntry @narendramodi,1,2
there's less space in 10 janpath's house thats why #rahulonleave to think. pure idiotic. he keeps on going in europe with his girlfriend,1,2
his upstairs department has been on leave forever ... wonder what's left to introspect on? #rahulonleave,1,1
"#rahulonleave is trending. but, when did he come for work?? :o",1,1
rt @fundamental4: #rahulonleave ? where can we find him? a list of travel destinations for him : http://t.co/ozgakr7mt9,1,1
#rahulonleave sad to see degeneration of @thenewshour @timesnow to a spicy saucy entertainment channel - land bill was much more important,2,2
#whereisrahul ? he is conducting crash course for @shaziailmi and @thekiranbedi on how to get into hiding after losing face #rahulonleave,1,1
@rishibagree hahaahaaa this @gsurya is still alive? i wonder when these ppl will stop licking balls of rg @incindia. #rahulonleave,1,1
#iin has chosen #rahulgandhi as it's brand ambassador. he's not on leave he is preparing hard! #rahulonleave #congress,2,1
@timesnow what?? why introspect in bangkok?? he can do that here too. we have tourist places in india. #whereisrahul #rahulonleave,1,1
@nisha_hindu #rahulonleave #whereisrahulgandhi big global news! ppl learn the frauds postpone appearing before courts!,1,1
"#rahulonleave rahul fb status ""onleave...feeling awesome"" 67 likes 3 comments #annareturns #oscars2015 #fruitfulstart",2,1
"sir rahul gandhi, you're lucky that you're not in the it industry, gives you a chance to take leaves at will! #rahulonleave",2,1
